prompt Building movies tables.  Please wait
set termout off
DROP TABLE DIRECTOR;
DROP TABLE STAR;
DROP TABLE MOVIE;
DROP TABLE MOVSTAR;
DROP TABLE MEMBER;
DROP TABLE TAPE;

CREATE TABLE DIRECTOR
       (DIRNUMB NUMBER(3) NOT NULL,
        DIRNAME CHAR(18) NOT NULL,
        DIRBORN NUMBER(4) NOT NULL,
        DIRDIED NUMBER(4));

INSERT INTO DIRECTOR VALUES
        (1,'Allen, Woody',1935,NULL);
INSERT INTO DIRECTOR VALUES
        (2,'Hitchcock, Alfred',1899,1980);
INSERT INTO DIRECTOR VALUES
        (3,'De Mille, Cecil B.',1881,1959);
INSERT INTO DIRECTOR VALUES
        (4,'Kramer, Stanley',1913,NULL);
INSERT INTO DIRECTOR VALUES
        (5,'Kubrick, Stanley',1928,NULL);
INSERT INTO DIRECTOR VALUES
        (6,'Preminger, Otto',1906,NULL);
INSERT INTO DIRECTOR VALUES
        (7,'Ford, John',1895,1973);

CREATE TABLE STAR
       (STARNUMB NUMBER(4) NOT NULL,
        STARNAME CHAR(18) NOT NULL,
        BRTHPLCE CHAR(25),
        STARBORN NUMBER(4) NOT NULL,
        STARDIED NUMBER(4));

INSERT INTO STAR VALUES
  (1,'Allen, Woody','New York',1935,NULL);
INSERT INTO STAR VALUES
    (2,'Keaton, Diane','Los Angles',1946,NULL);
INSERT INTO STAR VALUES
    (3,'Sellers, Peter','Southesea, Eng.',1925,1980);
INSERT INTO STAR VALUES
    (4,'Scott, George C.','Wise, Va.',1927,NULL);
INSERT INTO STAR VALUES
    (5,'McDowell, Malcolm','Leeds, Eng.',1943,NULL);
INSERT INTO STAR VALUES
    (6,'Grant, Cary','Britsol, Eng.',1904,1986,NULL);
INSERT INTO STAR VALUES
    (7,'Saint, Eva Marie','Newark, N.J.',1929,NULL);
INSERT INTO STAR VALUES
    (8,'Stewart, James','Indiana, Pa.',1908,NULL);
INSERT INTO STAR VALUES
    (9,'Perkins, Anthony','New York',1932,NULL);
INSERT INTO STAR VALUES
    (10,'Leigh, Janet','Merced, Cal.',1927,NULL);
INSERT INTO STAR VALUES
    (11,'Taylor, Rod','Syndney, Australia',1930,NULL);
INSERT INTO STAR VALUES
    (12,'Hedren, Tippi','Lafayette, Minn.',1935,NULL);
INSERT INTO STAR VALUES
    (13,'Mature, Victor','Louisville, Ky.',1916,NULL);
INSERT INTO STAR VALUES
    (14,'Tracy, Spencer','Milwaukee',1900,1967);
INSERT INTO STAR VALUES
    (15,'Hepburn, Katherine','Hartford',1909,NULL);
INSERT INTO STAR VALUES
    (16,'Dullea, Keir','Cleveland',1939,NULL);
INSERT INTO STAR VALUES
    (17,'Novak, Kim','Chicago',1933,NULL);
INSERT INTO STAR VALUES
    (18,'Sinatra, Frank','Hoboken, N.J.',1915,NULL);
INSERT INTO STAR VALUES
    (19,'March, Fredric','Racine, Wis.',1897,1975);
INSERT INTO STAR VALUES
    (20,'Andrews, Dana','Collins, Miss.',1912,NULL);
INSERT INTO STAR VALUES
    (21,'Heston, Charlton','Evanston, Ill.',1923,NULL);
INSERT INTO STAR VALUES
    (22,'McNamara, Maggie','New York',1928,1978);
INSERT INTO STAR VALUES
    (23,'Niven, David','Kirriemuir, Scot.',1910,1983);
INSERT INTO STAR VALUES
    (24,'Wayne, John','Winterset, Iowa',1907,1979);
INSERT INTO STAR VALUES
    (25,'Gable, Clark','Cadiz, O.',1901,1960);
INSERT INTO STAR VALUES
    (26,'Kelly, Grace','Philadelphia',1929,1982);
INSERT INTO STAR VALUES
    (27,'Fonda, Henry','Grand Island, Neb.',1905,1982);

CREATE TABLE MOVIE
       (MVNUMB NUMBER(4) NOT NULL,
        MVTITLE CHAR(30) NOT NULL,
        YRMDE NUMBER(4) NOT NULL,
        MVTYPE CHAR(6),
        CRIT NUMBER(1),
        MPAA CHAR(2),
        NOMS NUMBER(1),
        AWRD NUMBER(1),
        DIRNUMB NUMBER(3));

INSERT INTO MOVIE VALUES
       (1,'Annie Hall',1977,'COMEDY',4,'PG',5,4,1);
INSERT INTO MOVIE VALUES
       (2,'Dr. Strangelove',1964,'COMEDY',4,'PG',4,0,5);
INSERT INTO MOVIE VALUES
       (3,'Clockwork Orange',1971,'SCI FI',4,'R',3,0,5);
INSERT INTO MOVIE VALUES
       (4,'North by Northwest',1959,'SUSPEN',4,'PG',1,0,2);
INSERT INTO MOVIE VALUES
       (5,'Rope',1948,'SUSPEN',3,'NR',0,0,2);
INSERT INTO MOVIE VALUES
       (6,'Psycho',1960,'HORROR',4,'PG',3,0,2);
INSERT INTO MOVIE VALUES
       (7,'Interiors',1978,'DRAMA',3,'PG',3,0,1);
INSERT INTO MOVIE VALUES
       (8,'The Birds',1963,'HORROR',3,'NR',0,0,2);
INSERT INTO MOVIE VALUES
       (9,'Samson and Delilah',1949,'RELIGI',2,'NR',1,0,3);
INSERT INTO MOVIE VALUES
       (10,'Guess Who''s Coming to Dinner',1967,'COMEDY',3,'NR',6,2,4);
INSERT INTO MOVIE VALUES
       (11,'Manhattan',1979,'COMEDY',4,'R',2,0,1);
INSERT INTO MOVIE VALUES
       (12,'Vertigo',1958,'SUSPEN',4,'NR',0,0,2);
INSERT INTO MOVIE VALUES
       (13,'Judgment at Nuremberg',1961,'DRAMA',3,'NR',6,2,4);
INSERT INTO MOVIE VALUES
       (14,'2001',1968,'SCI FI',4,'G',2,0,5);
INSERT INTO MOVIE VALUES
       (15,'The Man With the Golden Arm',1955,'DRAMA',3,'NR',1,0,6);
INSERT INTO MOVIE VALUES
       (16,'Anatomy of a Murder',1959,'SUSPEN',4,'NR',4,0,6);
INSERT INTO MOVIE VALUES
       (17,'Inherit the Wind',1960,'DRAMA',4,'NR',2,0,4);
INSERT INTO MOVIE VALUES
       (18,'Laura',1944,'SUSPEN',4,'NR',3,1,6);
INSERT INTO MOVIE VALUES
       (19,'The Ten Commandments',1956,'RELIGI',3,'NR',1,0,3);
INSERT INTO MOVIE VALUES
       (20,'The Moon is Blue',1953,'COMEDY',2,'NR',1,0,6);
INSERT INTO MOVIE VALUES
       (21,'Stagecoach',1939,'WESTER',4,'NR',3,1,7);
INSERT INTO MOVIE VALUES
       (22,'Rear Window',1954,'SUSPEN',4,'NR',1,0,2);
INSERT INTO MOVIE VALUES
       (23,'Mogambo',1953,'WESTER',3,'NR',2,0,7);
INSERT INTO MOVIE VALUES
       (24,'Grapes of Wrath',1940,'DRAMA',4,'NR',4,2,7);

CREATE TABLE MOVSTAR
       (MVNUMB NUMBER(4) NOT NULL,
        STARNUMB NUMBER(4) NOT NULL);

INSERT INTO MOVSTAR VALUES
  (1,1);
INSERT INTO MOVSTAR VALUES
  (1,2);
INSERT INTO MOVSTAR VALUES
  (2,3);
INSERT INTO MOVSTAR VALUES
  (2,4);
INSERT INTO MOVSTAR VALUES
  (3,5);
INSERT INTO MOVSTAR VALUES
  (4,6);
INSERT INTO MOVSTAR VALUES
  (4,7);
INSERT INTO MOVSTAR VALUES
  (5,8);
INSERT INTO MOVSTAR VALUES
  (6,9);
INSERT INTO MOVSTAR VALUES
  (6,10);
INSERT INTO MOVSTAR VALUES
  (7,2);
INSERT INTO MOVSTAR VALUES
  (8,11);
INSERT INTO MOVSTAR VALUES
  (8,12);
INSERT INTO MOVSTAR VALUES
  (9,13);
INSERT INTO MOVSTAR VALUES
  (10,14);
INSERT INTO MOVSTAR VALUES
  (10,15);
INSERT INTO MOVSTAR VALUES
  (11,1);
INSERT INTO MOVSTAR VALUES
  (11,2);
INSERT INTO MOVSTAR VALUES
  (12,8);
INSERT INTO MOVSTAR VALUES
  (12,17);
INSERT INTO MOVSTAR VALUES
  (13,14);
INSERT INTO MOVSTAR VALUES
  (14,16);
INSERT INTO MOVSTAR VALUES
  (15,17);
INSERT INTO MOVSTAR VALUES
  (15,18);
INSERT INTO MOVSTAR VALUES
  (16,8);
INSERT INTO MOVSTAR VALUES
  (17,14);
INSERT INTO MOVSTAR VALUES
  (17,19);
INSERT INTO MOVSTAR VALUES
  (18,20);
INSERT INTO MOVSTAR VALUES
  (19,21);
INSERT INTO MOVSTAR VALUES
  (20,22);
INSERT INTO MOVSTAR VALUES
  (20,23);
INSERT INTO MOVSTAR VALUES
  (21,24);
INSERT INTO MOVSTAR VALUES
  (22,8);
INSERT INTO MOVSTAR VALUES
  (22,26);
INSERT INTO MOVSTAR VALUES
  (23,25);
INSERT INTO MOVSTAR VALUES
  (23,26);
INSERT INTO MOVSTAR VALUES
  (24,27);

CREATE TABLE MEMBER
       (MMBNUMB NUMBER(4) NOT NULL,
        MMBNAME CHAR(16) NOT NULL,
        MMBADDR CHAR(12) NOT NULL,
        MMBCTY CHAR(10) NOT NULL,
        MMBST CHAR(2) NOT NULL,
        NUMRENT NUMBER(3) NOT NULL,
        BONUS NUMBER(2) NOT NULL,
        JOINDATE DATE NOT NULL);

INSERT INTO MEMBER VALUES
       (1,'Allen, Donna','21 Wilson','Carson','In',2,0,'25-May-88');
INSERT INTO MEMBER VALUES
       (2,'Peterson, Mark','215 Raymond','Cedar','In',14,1,'20-Feb-89');
INSERT INTO MEMBER VALUES
       (3,'Sanchez, Miguel','47 Chipwood','Mantin','Il',22,0,'14-Jun-89');
INSERT INTO MEMBER VALUES
       (4,'Tran, Thanh','108 College','Carson','In',3,0,'03-Jul-88');
INSERT INTO MEMBER VALUES
       (5,'Roberts, Terry','602 Bridge','Hudson','Mi',1,0,'16-Nov-88');
INSERT INTO MEMBER VALUES
       (6,'MacDonald, Greg','19 Oak','Carson','In',11,1,'29-Jan-89');
INSERT INTO MEMBER VALUES
       (7,'VanderJagt, Neal','12 Bishop','Mantin','Il',19,2,'11-Aug-88');
INSERT INTO MEMBER VALUES
       (8,'Shippers, John','208 Grayton','Cedar','In',6,1,'02-Sep-88');
INSERT INTO MEMBER VALUES
       (9,'Franklin, Trudy','103 Bedford','Brook','Mi',27,3,'13-Dec-88');
INSERT INTO MEMBER VALUES
       (10,'Stein, Shelly','82 Harcourt','Hudson','Mi',4,0,'21-Jun-88');

CREATE TABLE TAPE
       (TPNUMB NUMBER(4) NOT NULL,
        MVNUMB NUMBER(4) NOT NULL,
        PURDATE DATE NOT NULL,
        TMSRENT NUMBER(3) NOT NULL,
        MMBNUMB NUMBER(4));

INSERT INTO TAPE VALUES
       (1,1,'26-Apr-89',4,NULL);
INSERT INTO TAPE VALUES
       (2,2,'26-Apr-89',2,2);
INSERT INTO TAPE VALUES
       (3,3,'26-Apr-89',6,NULL);
INSERT INTO TAPE VALUES
       (4,4,'28-Apr-89',8,10);
INSERT INTO TAPE VALUES
       (5,5,'12-May-89',3,4);
INSERT INTO TAPE VALUES
       (6,6,'12-May-89',8,NULL);
INSERT INTO TAPE VALUES
       (7,7,'12-May-89',2,2);
INSERT INTO TAPE VALUES
       (8,8,'12-May-89',9,8);
INSERT INTO TAPE VALUES
       (9,6,'26-Jun-89',1,NULL);
INSERT INTO TAPE VALUES
       (10,9,'26-Jun-89',7,3);
INSERT INTO TAPE VALUES
       (11,10,'26-Jun-89',10,NULL);
INSERT INTO TAPE VALUES
       (12,11,'11-Jul-89',6,6);
INSERT INTO TAPE VALUES
       (13,12,'02-Aug-89',4,NULL);
INSERT INTO TAPE VALUES
       (14, 6,'02-Aug-89',5,NULL);
INSERT INTO TAPE VALUES
       (15,13,'25-Aug-89',2,2);
INSERT INTO TAPE VALUES
       (16,14,'25-Aug-89',7,NULL);
INSERT INTO TAPE VALUES
       (17,15,'07-Sep-89',11,NULL);
INSERT INTO TAPE VALUES
       (18,16,'07-Sep-89',6,8);
INSERT INTO TAPE VALUES
       (19,17,'23-Sep-89',3,NULL);
INSERT INTO TAPE VALUES
       (20,14,'12-Oct-89',4,3);
INSERT INTO TAPE VALUES
       (21,18,'15-Nov-89',8,NULL);
INSERT INTO TAPE VALUES
       (22,19,'15-Nov-89',3,NULL);
INSERT INTO TAPE VALUES
       (23,20,'21-Dec-89',4,NULL);
INSERT INTO TAPE VALUES
       (24,21,'11-Jan-90',9,7);
INSERT INTO TAPE VALUES
       (25,22,'14-Feb-90',2,NULL);
INSERT INTO TAPE VALUES
       (26,23,'14-Feb-90',1,NULL);
INSERT INTO TAPE VALUES
       (27,24,'06-Mar-90',4,3);
set termout on
