prompt Building Sales tables.  Please wait
set termout off
DROP TABLE SLSREP;
DROP TABLE CUSTOMER;
DROP TABLE ORDERS;
DROP TABLE ORDLNE;
DROP TABLE PART;

CREATE TABLE SLSREP
       (SLSRNUMB NUMBER(2) NOT NULL,
        SLSRNAME CHAR(15) NOT NULL,
        SLSRADDR CHAR(25),
        TOTCOMM NUMBER(7,2),
        COMMRATE NUMBER(3,2));

INSERT INTO SLSREP VALUES
       (3,'MARY JONES','123 MAIN,GRANT,MI',2150.00,.05);
INSERT INTO SLSREP VALUES
       (6,'WILLIAM SMITH','102 RAYMOND,ADA,MI',4912.50,.07);
INSERT INTO SLSREP VALUES
       (12,'SAM BROWN','419 HARPER,LANSING,MI',2150.00,.05);

CREATE TABLE CUSTOMER
       (CUSTNUMB NUMBER(3) NOT NULL,
        CUSTNAME CHAR(15) NOT NULL,
        CUSTADDR CHAR(25),
        CURRBAL NUMBER(7,2) NOT NULL,
        CREDLIM NUMBER(4) NOT NULL,
        SLSRNUMB NUMBER(2) NOT NULL);

INSERT INTO CUSTOMER VALUES
       (124,'SALLY ADAMS','481 OAK,LANSING,MI',418.75,500,3);
INSERT INTO CUSTOMER VALUES
       (256,'ANN SAMUELS','215 PETE,GRANT,MI', 10.75,800,6);
INSERT INTO CUSTOMER VALUES
       (311,'DON CHARLES','48 COLLEGE,IRA,MI',200.10,300,12);
INSERT INTO CUSTOMER VALUES
       (315,'TOM DANIELS','914 CHERRY,KENT,MI',320.75,300,6);
INSERT INTO CUSTOMER VALUES
       (405,'AL WILLIAMS','519 WATSON,GRANT,MI',201.75,800,12);
INSERT INTO CUSTOMER VALUES
       (412,'SALLY ADAMS','16 ELM,LANSING,MI',908.75,1000,3);
INSERT INTO CUSTOMER VALUES
       (522,'MARY NELSON','108 PINE,ADA,MI', 49.50,800,12);
INSERT INTO CUSTOMER VALUES
       (567,'JOE BAKER','808 RIDGE,HARPER,MI',201.20,300,6);
INSERT INTO CUSTOMER VALUES
       (587,'JUDY ROBERTS','512 PINE,ADA,MI', 57.75,500,6);
INSERT INTO CUSTOMER VALUES
       (622,'DAN MARTIN','419 CHIP,GRANT,MI',575.50,500,3);

CREATE TABLE ORDERS
       (ORDNUMB NUMBER(5) NOT NULL,
        ORDDTE DATE NOT NULL,
        CUSTNUMB NUMBER(3) NOT NULL);

INSERT INTO ORDERS VALUES
       (12489,'9-Feb-89',124);
INSERT INTO ORDERS VALUES
       (12491,'9-Feb-89',311);
INSERT INTO ORDERS VALUES
       (12494,'9-Apr-89',315);
INSERT INTO ORDERS VALUES
       (12495,'9-Apr-89',256);
INSERT INTO ORDERS VALUES
       (12498,'9-May-89',522);
INSERT INTO ORDERS VALUES
       (12500,'9-May-89',124);
INSERT INTO ORDERS VALUES
       (12504,'9-May-89',522);

CREATE TABLE ORDLNE
       (ORDNUMB NUMBER(5) NOT NULL,
        PARTNUMB CHAR(4) NOT NULL,
        NUMBORD NUMBER(3) NOT NULL,
        QUOTPRCE NUMBER(6,2) NOT NULL);

INSERT INTO ORDLNE VALUES
       (12489,'AX12',11,14.95);
INSERT INTO ORDLNE VALUES
       (12491,'BT04',1,402.99);
INSERT INTO ORDLNE VALUES
       (12491,'BZ66',1,311.95);
INSERT INTO ORDLNE VALUES
       (12494,'CB03',4,175.00);
INSERT INTO ORDLNE VALUES
       (12495,'CX11',2,57.95);
INSERT INTO ORDLNE VALUES
       (12498,'AZ52',2,22.95);
INSERT INTO ORDLNE VALUES
       (12498,'BA74',4,4.95);
INSERT INTO ORDLNE VALUES
       (12500,'BT04',1,402.99);
INSERT INTO ORDLNE VALUES
       (12504,'CZ81',2,108.99);

CREATE TABLE PART
       (PARTNUMB CHAR(4) NOT NULL,
        PARTDESC CHAR(20) NOT NULL,
        UNONHAND NUMBER(4) NOT NULL,
        ITEMCLSS CHAR(2) NOT NULL,
        WREHSENM NUMBER(2),
        UNITPRCE NUMBER(6,2) NOT NULL);

INSERT INTO PART VALUES
       ('AX12','IRON',104,'HW',3,17.95);
INSERT INTO PART VALUES
       ('AZ52','SKATES',20,'SG',2,24.95);
INSERT INTO PART VALUES
       ('BA74','BASEBALL',40,'SG',1,4.95);
INSERT INTO PART VALUES
       ('BH22','TOASTER',95,'HW',3,34.95);
INSERT INTO PART VALUES
       ('BT04','STOVE',11,'AP',2,402.95);
INSERT INTO PART VALUES
       ('BZ66','WASHER',52,'AP',3,311.95);
INSERT INTO PART VALUES
       ('CA14','SKILLET',2,'HW',3,19.95);
INSERT INTO PART VALUES
       ('CB03','BIKE',44,'SG',1,187.50);
INSERT INTO PART VALUES
       ('CX11','MIXER',112,'HW',3,57.95);
INSERT INTO PART VALUES
       ('CZ81','WEIGHTS',208,'SG',2,108.99);
set termout on
